{
  "project_info": {
    "project_number": "665839759271",
    "project_id": "testedelogin-ea50d",
    "storage_bucket": "testedelogin-ea50d.appspot.com"
  },
  "client": [
    {
      "client_info": {
        "mobilesdk_app_id": "1:665839759271:android:afe13f582aa9e350551082",
        "android_client_info": {
          "package_name": "br.com.firebase.teste1"
        }
      },
      "oauth_client": [],
      "api_key": [
        {
          "current_key": "AIzaSyAynSMOkB2l6q_kuflmOsz2HxT4LlPRQW0"
        }
      ],
      "services": {
        "appinvite_service": {
          "other_platform_oauth_client": []
        }
      }
    }
  ],
  "configuration_version": "1"
}